First,Last,01/01/2000,8/12/2020,CareUser,M,
WI,13,,
WI,9,,
WI,10,,
WI,12,,
WI,9,,
WI,55,,
LSSI,38,1.13605980851644,
WI,83,,
SI,11,-0.990967288913584,
SI,11,-0.990967288913584,
LSSI,28,-1.50593974617295,
WI,42,,
SI,9,-1.39821411969502,
RC,7,,
RC,27,,
LSSI,0,-8.90353849930325,
